edad,sexo,estado,gap,time,peso total,covey,dist camino,Oxalis,ppanual17,tmedia17,altitud,lat,lon,hcrop,hland
0.0,1.0,0.0,1.0,34.0,0.35365428758812917,0.0,0.04824059132788506,0.0,0.7350649350649351,0.8310316846133958,0.25609756097560976,0.050814013783355705,0.08120757029683645,0.5850531805579849,0.75882064159065
1.0,1.0,0.0,1.0,34.0,0.5287034759796688,0.0,0.04824059132788506,0.0,0.7350649350649351,0.8310316846133958,0.25609756097560976,0.050814013783355705,0.08120757029683645,7.009131600473651e-05,0.75882064159065
1.0,0.0,0.0,7.0,14.0,0.3872766027217577,0.42105263157894735,0.34436000208214035,0.0,0.961038961038961,0.7177091707651841,0.4352134146341464,0.0265429997709834,0.059061307259003826,0.10013312435470818,0.45239285400639406
1.0,1.0,0.0,1.0,44.0,0.01502295458271848,0.21052631578947367,0.3136354172088907,0.0,0.7558441558441559,0.8643379307042744,0.2835365853658538,0.0026910466835357028,0.10280235869533882,0.33917690182143184,0.6198577344600327
1.0,0.0,0.0,5.0,0.0,0.06365797671749467,0.2631578947368421,0.2511451772422049,0.0,0.7428571428571428,0.8757107808861655,0.24542682926829285,0.0014951084194887443,0.1027693016998299,0.11656361149285648,0.6688843466271847
1.0,1.0,0.0,5.0,10.0,0.1381373995737006,0.3157894736842105,0.13690073395450522,0.0,0.7428571428571428,0.8757107808861655,0.24542682926829285,0.0,0.1023818877048619,0.2347764528551439,0.683329736848466
1.0,1.0,0.0,2.0,16.0,0.05551114936874897,0.0,0.31861954088803285,0.0,0.7428571428571428,0.8757107808861655,0.24542682926829285,0.000605392709083219,0.10232539347444458,0.710960136459872,0.6973177972795896
1.0,1.0,0.0,0.0,34.0,0.3584091654369569,0.3684210526315789,0.2997761699026599,0.0382849647483194,0.7428571428571428,0.8850527836597486,0.22942073170731714,0.0034159589832523096,0.09463028461548717,0.7670617390679573,0.8381182200078079
0.0,1.0,0.0,0.0,42.0,0.0,0.47368421052631576,0.34675446358856904,0.0,0.7272727272727272,0.8326563851558011,0.2690548780487805,0.050251306642358884,0.08348343074944253,0.0,0.7698975885385946
0.0,0.0,0.0,0.0,36.0,0.4586612559435973,0.47368421052631576,0.5793555775337047,0.0,0.7402597402597403,0.8269699420307373,0.27515243902439024,0.05349355392245059,0.08190071777406516,0.19164249087845078,0.7720772516815322
1.0,1.0,0.0,0.0,34.0,0.5598253812100344,0.3684210526315789,0.2997761699026599,0.2255595179537629,0.7428571428571428,0.8850527836597486,0.22942073170731714,0.0034159589832523096,0.09463028461548717,0.8183564932229258,0.8381182200078079
0.0,0.0,0.0,5.0,39.0,0.5591285456632235,0.47368421052631576,0.7387174014887303,0.39184702410231187,0.7272727272727272,0.8675873132675582,0.24466463414634143,0.011831325936233483,0.09472980541148246,0.3827437843313406,0.6502402486376763
1.0,1.0,0.0,5.0,10.0,0.028385800950975572,0.47368421052631576,0.079251470511686,0.024061321528119364,0.8077922077922078,0.8517465492666765,0.20960365853658547,0.015965515999852187,0.05645715061291767,0.2547625846884659,0.9166839051543035
1.0,1.0,0.0,5.0,10.0,0.06780824725364813,0.47368421052631576,0.079251470511686,0.005830873913756354,0.8077922077922078,0.8517465492666765,0.20960365853658547,0.015965515999852187,0.05645715061291767,0.16307341990902335,0.9166839051543035
0.0,0.0,0.0,0.0,34.0,0.33988256271519923,0.0,0.0014184581750039046,0.0,0.7350649350649351,0.8310316846133958,0.25609756097560976,0.05040645940287014,0.08155965353470407,0.935632569307352,0.7875434217655378
1.0,1.0,0.0,5.0,6.0,0.015268896540416462,0.7894736842105263,0.2622846285981989,0.0,0.625974025974026,1.0,0.0007621951219513035,0.008752768530269961,0.013208281109694298,0.40625100738945213,0.4617002678683043
1.0,0.0,0.0,7.0,34.0,0.224493769470405,0.3684210526315789,0.04699130706366143,0.0,0.8051948051948051,0.7818846482015704,0.29039634146341475,0.02911675393700186,0.07336956426682306,0.3731742070160469,0.5717857638105825
1.0,0.0,0.0,7.0,47.0,0.3969595425479587,0.0,0.04699130706366143,0.0,0.8051948051948051,0.7818846482015704,0.22141768292682928,0.024261511833740812,0.07304263233030284,0.2948222692537649,0.5717857638105825
1.0,1.0,0.0,7.0,47.0,0.1336694540088539,0.0,0.04699130706366143,0.0,0.8051948051948051,0.7818846482015704,0.22061737804878057,0.026346067118787175,0.0708838671017844,0.07920094654795123,0.5717857638105825
1.0,0.0,0.0,0.0,42.0,0.002367191342843089,0.47368421052631576,0.34675446358856904,0.0,0.7272727272727272,0.8326563851558011,0.2690548780487805,0.050251306642358884,0.08348343074944253,0.0,0.7698975885385946
1.0,1.0,0.0,0.0,42.0,0.002766847024102312,0.47368421052631576,0.34675446358856904,0.0,0.7272727272727272,0.8326563851558011,0.2690548780487805,0.050251306642358884,0.08348343074944253,0.0,0.7698975885385946
1.0,0.0,0.0,0.0,42.0,0.0,0.47368421052631576,0.34675446358856904,0.0,0.7272727272727272,0.8326563851558011,0.2690548780487805,0.050251306642358884,0.08348343074944253,0.0,0.7698975885385946
0.0,1.0,0.0,5.0,17.0,0.12838170191834727,0.21052631578947367,0.2500910936442663,0.0,0.8051948051948051,0.7818846482015704,0.29039634146341475,0.029227365235167113,0.07372129769521152,0.0,0.5740901248943553
1.0,1.0,0.0,1.0,21.0,0.2600426299393343,0.5789473684210527,0.23621883296028315,0.0,0.7844155844155843,0.7948822047747701,0.2705792682926831,0.030255530657703034,0.07501244447211874,0.529925478673963,0.5089523978215632
1.0,1.0,0.0,1.0,21.0,0.29009878668634204,0.5789473684210527,0.23621883296028315,0.0,0.7844155844155843,0.7948822047747701,0.2705792682926831,0.030255530657703034,0.07501244447211874,0.3680164188061451,0.5089523978215632
1.0,1.0,0.0,1.0,18.0,0.12385227086407607,0.2631578947368421,0.2022278902711988,0.0,0.8415584415584415,0.8415922108441487,0.2980182926829269,0.16342411007086355,0.05617030684237889,0.7178291609247051,0.404847516824156
1.0,1.0,0.0,5.0,44.0,0.07106697819314642,0.47368421052631576,0.24108583623965435,0.021151008362026564,0.7844155844155843,0.8765231321321854,0.15396341463414642,0.01602713168943204,0.05490819425200044,0.5694201854316292,0.9288916045346282
0.0,1.0,0.0,0.0,21.0,0.07207124118707986,0.47368421052631576,0.017971474675966895,0.0,0.7012987012987014,0.9805036597787062,0.0777439024390244,0.009065301124412173,0.05189580994711207,0.4750976357034958,0.8889210467106999
0.0,1.0,0.0,2.0,27.0,0.305347188063617,0.47368421052631576,0.021784394357399407,0.00589235940318085,0.7012987012987014,0.9805036597787062,0.0777439024390244,0.00980468939939172,0.051764981202989446,0.5754323528979359,0.8889210467106999
1.0,0.0,0.0,2.0,31.0,0.20294310542711919,0.21052631578947367,0.17994898755921088,0.1982394654861453,0.7012987012987014,0.9731925258594092,0.07621951219512202,0.011588946145289825,0.051482684955637126,0.0536554340421852,0.9367403627307062
1.0,1.0,0.0,5.0,4.0,0.005472208558780128,0.5789473684210527,0.1343110717817917,0.0,0.625974025974026,1.0,0.0007621951219513035,0.009480279081957477,0.013315497714170732,0.0,0.46204466946558187
0.0,1.0,0.0,5.0,44.0,0.007521724872929989,0.21052631578947367,0.21150642860860966,0.0,0.6337662337662339,0.9983753072561323,0.01981707317073178,0.012111937149027696,0.012526852249923337,0.7045763851199965,0.3519315497894959
0.0,1.0,0.0,1.0,34.0,0.5154431054271191,0.0,0.04824059132788506,0.0,0.7350649350649351,0.8310316846133958,0.25609756097560976,0.050814013783355705,0.08120757029683645,1.0,0.75882064159065
1.0,1.0,0.0,0.0,16.0,0.3363666174782751,0.0,0.13718702826505647,0.0,0.7402597402597403,0.8269699420307373,0.2682926829268293,0.05228722265052177,0.08207177460796089,0.19016240794474457,0.7455288919293926
1.0,0.0,0.0,1.0,18.0,0.17897401213313657,0.2631578947368421,0.2022278902711988,0.0,0.8415584415584415,0.8415922108441487,0.2980182926829269,0.16342411007086355,0.05617030684237889,0.12224248099904465,0.404847516824156
1.0,0.0,0.0,1.0,47.0,0.3732169208066896,0.0,0.2022278902711988,0.0,0.8415584415584415,0.8415922108441487,0.1526676829268292,0.04980277411651102,0.05115139789113954,0.573727399402121,0.404847516824156
1.0,1.0,0.0,5.0,44.0,0.12954992621741268,0.0,0.2662667221904117,0.0,0.7558441558441559,0.8643379307042744,0.2835365853658538,0.0028662431021064805,0.1019789071882009,0.37134267046317354,0.5791057755643418
1.0,1.0,0.0,5.0,44.0,0.01970609936055091,0.0,0.2662667221904117,0.0,0.7558441558441559,0.8643379307042744,0.2835365853658538,0.0028662431021064805,0.1019789071882009,0.04828356978971434,0.5791057755643418
1.0,1.0,0.0,1.0,37.0,0.40658304640104936,0.0,0.2153974285565561,0.0,0.7584415584415584,0.8294069938191626,0.3125,0.017621716041496427,0.10632336597872083,0.4214927842285058,0.7998300873150962
1.0,0.0,0.0,1.0,37.0,0.253801852762748,0.0,0.2153974285565561,0.0,0.7584415584415584,0.8294069938191626,0.3125,0.017621716041496427,0.10632336597872083,0.7686197152585573,0.7998300873150962
1.0,0.0,0.0,1.0,37.0,0.34596860141006724,0.0,0.2153974285565561,0.0,0.7584415584415584,0.8294069938191626,0.3125,0.017621716041496427,0.10632336597872083,0.5694086086722927,0.7998300873150962
1.0,0.0,0.0,1.0,37.0,0.24600344318740777,0.0,0.2153974285565561,0.0,0.7584415584415584,0.8294069938191626,0.3125,0.017621716041496427,0.10632336597872083,0.34134873801380194,0.7998300873150962
1.0,1.0,0.0,2.0,31.0,0.4068802262666011,0.0,0.2910572068085992,0.0,0.7818181818181819,0.8147847064842242,0.3422256097560976,0.020118636184964345,0.10642323658419528,0.5829081538568384,0.8160695293949052
1.0,0.0,0.0,2.0,31.0,0.4180193474340056,0.0,0.2910572068085992,0.0,0.7818181818181819,0.8147847064842242,0.3422256097560976,0.020118636184964345,0.10642323658419528,0.5015744719036785,0.8160695293949052
1.0,1.0,0.0,1.0,0.0,0.16819355632070832,0.0,0.13226797147467598,0.0,0.7610389610389611,0.820877346190868,0.2835365853658538,0.05386584631191127,0.08064262799266331,0.5822391245181544,0.7430333177193899
1.0,1.0,0.0,1.0,0.0,0.05704828660436137,0.0,0.13226797147467598,0.0,0.7610389610389611,0.820877346190868,0.2835365853658538,0.05386584631191127,0.08064262799266331,0.6506967643666833,0.7430333177193899
0.0,1.0,0.0,1.0,0.0,0.057478685030332835,0.0,0.13226797147467598,0.0,0.7610389610389611,0.820877346190868,0.2835365853658538,0.05386584631191127,0.08064262799266331,0.6228890007300216,0.7430333177193899
1.0,1.0,0.0,1.0,9.0,0.07332144613871126,0.5789473684210527,0.28214304304825355,0.0,0.8363636363636363,0.8505280102124315,0.2934451219512195,0.16610847553504549,0.05651731784283953,0.2463912253440208,0.3580956268959725
0.0,1.0,0.0,0.0,16.0,0.04373667814395803,0.0,0.13718702826505647,0.002285210690277095,0.7402597402597403,0.8269699420307373,0.2682926829268293,0.05228722265052177,0.08207177460796089,0.43975415962490116,0.7455288919293926
1.0,1.0,0.0,1.0,9.0,0.1471347761928185,0.5789473684210527,0.28214304304825355,0.0,0.8363636363636363,0.8505280102124315,0.2934451219512195,0.16610847553504549,0.05651731784283953,0.21063810791580737,0.3580956268959725
1.0,1.0,0.0,10.0,9.0,0.05867765207411051,0.3684210526315789,0.02637811670397168,0.05356410887030662,0.6987012987012987,0.8403736864121618,0.25914634146341475,0.037316837155302096,0.09247091071847535,0.39963027635696213,0.8782661800442843
1.0,1.0,0.0,8.0,27.0,0.2223520249221184,0.0,0.10277965748789754,0.0,0.7532467532467532,0.8107229872971786,0.30640243902439024,0.05902040704215494,0.08515254666545857,0.2378018529431343,0.7251662887260643
1.0,1.0,0.0,10.0,9.0,0.05254959829480243,0.3684210526315789,0.02637811670397168,0.005277504508935891,0.6987012987012987,0.8403736864121618,0.25914634146341475,0.037316837155302096,0.09247091071847535,0.0,0.8782661800442843
1.0,0.0,0.0,10.0,0.0,0.0,0.5789473684210527,0.12393940971318514,0.0,0.6987012987012987,0.8403736864121618,0.25914634146341475,0.03688070200314186,0.09172074429661947,0.2612916494909992,0.8618767821864707
1.0,1.0,0.0,0.0,43.0,0.015033202164289227,0.3157894736842105,0.05741502264327729,0.0,0.6961038961038962,0.8448416080296903,0.23170731707317072,0.039713539008484844,0.08995997829781999,0.0,0.7988038976006178
1.0,0.0,0.0,0.0,43.0,0.0035559108050500087,0.3157894736842105,0.05741502264327729,0.0,0.6961038961038962,0.8448416080296903,0.23170731707317072,0.039713539008484844,0.08995997829781999,0.2547938908408386,0.7988038976006178
1.0,1.0,0.0,5.0,5.0,0.007224545007378258,0.5789473684210527,0.11874707199000571,0.0,0.7038961038961039,0.8444353890273149,0.284298780487805,0.03606856267299463,0.09147237956846865,0.5242902650648874,0.8208683837350997
1.0,1.0,0.0,5.0,4.0,0.2662936546974914,0.3684210526315789,0.056465046067357236,0.0,0.7038961038961039,0.8444353890273149,0.24695121951219523,0.036282732871118384,0.09151505632457102,0.09884490399645982,0.8285669878830275
1.0,1.0,0.0,8.0,27.0,0.36671073126742093,0.0,0.10277965748789754,0.0,0.7532467532467532,0.8107229872971786,0.30640243902439024,0.05902040704215494,0.08515254666545857,0.13144607091353866,0.7251662887260643
0.0,0.0,0.0,8.0,34.0,0.3030107394654862,0.0,0.20214981000468482,0.0,0.7532467532467532,0.8107229872971786,0.30640243902439024,0.059232350167160774,0.08523807508240466,0.16032898662063677,0.7246053170303146
1.0,0.0,0.0,8.0,34.0,0.06562551237907853,0.0,0.20214981000468482,0.0,0.7532467532467532,0.8107229872971786,0.30640243902439024,0.059232350167160774,0.08523807508240466,0.3776157402295844,0.7246053170303146
0.0,0.0,0.0,8.0,34.0,0.22245450073782586,0.0,0.20214981000468482,0.0,0.7532467532467532,0.8107229872971786,0.30640243902439024,0.059232350167160774,0.08523807508240466,0.021424319152995506,0.7246053170303146
1.0,1.0,0.0,0.0,16.0,0.27204254795868177,0.0,0.13718702826505647,0.0,0.7402597402597403,0.8269699420307373,0.2682926829268293,0.05228722265052177,0.08207177460796089,0.3108134970861461,0.7455288919293926
1.0,1.0,0.0,0.0,16.0,0.15469749139203148,0.0,0.13718702826505647,0.0,0.7402597402597403,0.8269699420307373,0.2682926829268293,0.05228722265052177,0.08207177460796089,0.2273104070012562,0.7455288919293926
1.0,0.0,0.0,2.0,13.0,0.08707370060665683,0.5789473684210527,0.02637811670397168,0.0785887030660764,0.6987012987012987,0.8403736864121618,0.25914634146341475,0.03781867096442326,0.09256588399128418,0.15042588485611771,0.8731628119929756
0.0,0.0,0.0,3.0,9.0,0.05620798491555993,0.3684210526315789,0.13500078080266514,0.0,0.690909090909091,0.9670999124728299,0.0640243902439025,0.009378204897409148,0.00770612785746394,0.7050520784863448,0.6775357722745571
1.0,1.0,0.0,5.0,27.0,0.20831283817019183,0.0,0.2675160064546353,0.0,0.8051948051948051,0.7818846482015704,0.29039634146341475,0.02872701614145612,0.07364294037252606,0.10297084339193376,0.5710209678634927
0.0,1.0,0.0,0.0,36.0,0.6457820954254796,0.47368421052631576,0.5793555775337047,0.0,0.7402597402597403,0.8269699420307373,0.27515243902439024,0.05349355392245059,0.08190071777406516,0.05046562137141315,0.7720772516815322
1.0,1.0,0.0,0.0,47.0,0.21457411050991967,0.0,0.5793555775337047,0.0,0.7402597402597403,0.8269699420307373,0.2650914634146342,0.04707093487704306,0.07608259911239301,0.2998495524920097,0.7720772516815322
1.0,1.0,0.0,0.0,47.0,0.26996228889981966,0.0,0.5793555775337047,0.0,0.7402597402597403,0.8269699420307373,0.26096036585365856,0.04587598766053169,0.07517560435708504,0.04513574771227786,0.7720772516815322
1.0,1.0,0.0,0.0,47.0,0.08997376619117889,0.0,0.5793555775337047,0.0,0.7402597402597403,0.8269699420307373,0.2564161585365854,0.044540351409867895,0.07416935728455698,0.32658521070202706,0.7720772516815322
1.0,0.0,0.0,0.0,47.0,0.6665334481062469,0.0,0.5793555775337047,0.0,0.7402597402597403,0.8269699420307373,0.2514175304878048,0.04307115153413754,0.07306248550477079,0.26434434857892786,0.7720772516815322
1.0,1.0,0.0,0.0,36.0,0.5903314067879981,0.47368421052631576,0.5793555775337047,0.0,0.7402597402597403,0.8269699420307373,0.27515243902439024,0.05349355392245059,0.08190071777406516,0.00010861930490900303,0.7720772516815322
1.0,1.0,0.0,0.0,47.0,0.3846634694212166,0.0,0.5793555775337047,0.0,0.7402597402597403,0.8269699420307373,0.24660501524390233,0.04157566479802988,0.07182782086361428,0.06349279990057781,0.7720772516815322
1.0,1.0,0.0,0.0,47.0,0.20390637809476964,0.0,0.5793555775337047,0.0,0.7402597402597403,0.8269699420307373,0.24443624847560974,0.04050450901278069,0.07080342548918139,0.555986099008475,0.7720772516815322
1.0,0.0,0.0,0.0,47.0,0.04631906869978685,0.0,0.5793555775337047,0.0,0.7402597402597403,0.8269699420307373,0.24296523917682933,0.04077309281761643,0.06862717963897325,0.6231529847431989,0.7720772516815322
1.0,1.0,0.0,0.0,47.0,0.10474053123462863,0.0,0.5793555775337047,0.0,0.7402597402597403,0.8269699420307373,0.260859324070122,0.04391258160963574,0.07471928481712098,0.0,0.7720772516815322
1.0,1.0,0.0,0.0,47.0,0.33306689621249386,0.0,0.5793555775337047,0.0,0.7402597402597403,0.8269699420307373,0.2579056223307925,0.04543113815645228,0.07482691926158225,0.7831283312724091,0.7720772516815322
1.0,1.0,0.0,0.0,47.0,0.4727414330218069,0.0,0.5793555775337047,0.0,0.7402597402597403,0.8269699420307373,0.25618094066143304,0.04462489657985458,0.07411953941033289,0.099667711158444,0.7720772516815322
1.0,1.0,0.0,0.0,47.0,0.21628545663223478,0.0,0.5793555775337047,0.0,0.7402597402597403,0.8269699420307373,0.2552898883861128,0.04438029275013733,0.07392323344012652,0.6633390492559703,0.7720772516815322
0.0,1.0,0.0,0.0,47.0,0.2602680767338908,0.0,0.5793555775337047,0.0,0.7402597402597403,0.8269699420307373,0.25472284063935824,0.044230723259097715,0.0737979963484321,0.10607442557131337,0.7720772516815322
1.0,0.0,0.0,0.0,47.0,0.22814190850959176,0.0,0.5793555775337047,0.0,0.7402597402597403,0.8269699420307373,0.25455350884963535,0.044199760444017855,0.07376086025481854,0.43231992745381487,0.7720772516815322
1.0,1.0,0.0,0.0,47.0,0.6603131660928021,0.0,0.5793555775337047,0.0,0.7402597402597403,0.8269699420307373,0.2548671066858186,0.04431262133500802,0.07383069772982509,0.6866842196016716,0.7720772516815322
1.0,0.0,0.0,0.0,47.0,0.560132808657157,0.0,0.5793555775337047,0.0,0.7402597402597403,0.8269699420307373,0.25283857345196137,0.04339452807626287,0.07302369572540357,0.25123643033622334,0.7720772516815322
1.0,1.0,0.0,0.0,47.0,0.4984013772749631,0.0,0.5793555775337047,0.0,0.7402597402597403,0.8269699420307373,0.2534619292727671,0.043576414404085995,0.07314328321157859,0.39742818121991763,0.7720772516815322
1.0,1.0,0.0,0.0,47.0,0.12611698639121166,0.0,0.5793555775337047,0.0,0.7402597402597403,0.8269699420307373,0.2543644973524828,0.0438836049432183,0.07337726898382257,0.18347025052820282,0.7720772516815322
1.0,1.0,0.0,0.0,47.0,0.46658263649778653,0.0,0.5793555775337047,0.0,0.7402597402597403,0.8269699420307373,0.2555044231700483,0.044194656155776,0.07385227791830573,0.3435615974718384,0.7720772516815322
1.0,0.0,0.0,0.0,47.0,0.07972618462042959,0.0,0.5793555775337047,0.0,0.7402597402597403,0.8269699420307373,0.2549689330800411,0.04422286361039163,0.07376557722842136,0.33604698650856313,0.7720772516815322
1.0,0.0,0.0,0.0,47.0,0.1242109362190523,0.0,0.5793555775337047,0.0,0.7402597402597403,0.8269699420307373,0.25467526415496566,0.04410203615578645,0.07365944302510385,0.4402220749169543,0.7720772516815322
1.0,0.0,0.0,0.0,47.0,0.45856902770946056,0.0,0.5793555775337047,0.0,0.7402597402597403,0.8269699420307373,0.2545246965043191,0.044049750113380526,0.07361343338658344,0.6223764237343923,0.7720772516815322
1.0,1.0,0.0,0.0,47.0,0.13995122151172323,0.0,0.5793555775337047,0.0,0.7402597402597403,0.8269699420307373,0.2544481773161398,0.04401669584970236,0.07358245338122771,0.9223021691102378,0.7720772516815322
0.0,0.0,0.0,0.0,47.0,0.20594564682734876,0.0,0.5793555775337047,0.0,0.7402597402597403,0.8269699420307373,0.2544207109838177,0.04399529310876282,0.07356089908451224,0.012649911483770801,0.7720772516815322
1.0,1.0,0.0,0.0,47.0,0.22213682570913265,0.0,0.5793555775337047,0.004191260862436465,0.7402597402597403,0.8269699420307373,0.2544074311972362,0.04397484637523874,0.07354090296747628,0.590112474743737,0.7720772516815322
1.0,1.0,0.0,0.0,34.0,0.20701139531070667,0.0,0.5793555775337047,0.0,0.7402597402597403,0.8269699420307373,0.25436146364837775,0.04394106887925986,0.07351192349124247,0.899318907900193,0.7720772516815322
1.0,1.0,0.0,0.0,34.0,0.24856533858009514,0.0,0.5793555775337047,0.0,0.7402597402597403,0.8269699420307373,0.25451375266801946,0.043995722959561334,0.07356074626783027,0.7873243702641347,0.7720772516815322
1.0,0.0,0.0,0.0,34.0,0.10266027217576652,0.0,0.5793555775337047,0.0,0.7402597402597403,0.8269699420307373,0.25461893500754473,0.04403765381510816,0.07360249257344975,0.9381321030904848,0.7720772516815322
1.0,0.0,0.0,0.0,34.0,0.07547343826856863,0.0,0.5793555775337047,0.0,0.7402597402597403,0.8269699420307373,0.254644378773051,0.04405305870229803,0.07362501493241425,0.5125657807655818,0.7720772516815322
1.0,0.0,0.0,0.0,47.0,0.4537731595343499,0.0,0.5793555775337047,0.0,0.7402597402597403,0.8269699420307373,0.25455837433335127,0.044038898956950234,0.07360228863382545,0.49440692018382426,0.7720772516815322
1.0,1.0,0.0,0.0,47.0,0.3760964912280702,0.0,0.5793555775337047,0.0,0.7402597402597403,0.8269699420307373,0.2545173184586822,0.044020502491605384,0.07358595977436266,0.0025563265355155827,0.7720772516815322
1.0,1.0,0.0,0.0,47.0,0.6009079357271684,0.0,0.5793555775337047,0.0,0.7402597402597403,0.8269699420307373,0.254501523889054,0.04401234912518781,0.07357861144929245,0.4292628622403942,0.7720772516815322
1.0,0.0,0.0,0.0,47.0,0.18075709132644696,0.0,0.5793555775337047,0.0176463354648303,0.7402597402597403,0.8269699420307373,0.25449920662752756,0.04400860902636872,0.07357512925556264,0.4722150693877483,0.7720772516815322
1.0,1.0,0.0,0.0,47.0,0.014664289227742254,0.0,0.5793555775337047,0.0,0.7402597402597403,0.8269699420307373,0.2545043095586661,0.0440078003440334,0.07357439684299649,0.1968943987067634,0.7720772516815322
1.0,1.0,0.0,3.0,9.0,0.08791400229545827,0.3684210526315789,0.13500078080266514,0.0,0.690909090909091,0.9670999124728299,0.0640243902439025,0.009378204897409148,0.00770612785746394,0.11237772992873116,0.6775357722745571
1.0,1.0,0.0,3.0,9.0,0.10117437284800787,0.3684210526315789,0.13500078080266514,0.0,0.690909090909091,0.9670999124728299,0.0640243902439025,0.009378204897409148,0.00770612785746394,0.3907815310662843,0.6775357722745571
0.0,1.0,0.0,7.0,17.0,0.11448598130841121,0.0,0.3740305033574514,0.018660846040334484,1.0,0.7067424918196257,0.49542682926829285,0.025239419639593308,0.05709485328815589,0.6032246066579755,0.5433507619484826
1.0,1.0,0.0,5.0,27.0,0.31602516806033776,0.0,0.06707094893550569,0.016570339399901626,0.6415584415584416,0.9695369584123521,0.015243902439024404,0.01360259142227882,0.0,0.8967388662504341,0.5369730729086832
0.0,0.0,0.0,1.0,21.0,0.10847065092638138,0.10526315789473684,0.007755973140388317,0.0,0.7688311688311688,0.8850527982820069,0.22713414634146356,0.1497045973099187,0.06479293552766663,0.2820301401455365,0.6361510672550202
1.0,1.0,0.0,2.0,31.0,0.08417363502213478,0.0,0.2910572068085992,0.0,0.7818181818181819,0.8147847064842242,0.3422256097560976,0.020118636184964345,0.10642323658419528,0.4624102458738858,0.8160695293949052
0.0,0.0,0.0,1.0,4.0,0.03417568453844893,0.21052631578947367,0.03189578887095934,0.0,0.7636363636363636,0.8111291643824146,0.24771341463414642,0.031336774656205435,0.07681343856068779,0.06762306450738245,0.5225268019104101
0.0,1.0,0.0,5.0,31.0,0.27449171995409083,0.21052631578947367,0.4001873926396335,0.0,0.6493506493506495,0.9906580098990405,0.02515243902439024,0.009653619606261543,0.012513559489825354,0.4497755437424812,0.4396502116062274
0.0,0.0,0.0,5.0,31.0,0.13145597638957207,0.21052631578947367,0.4001873926396335,0.0,0.6493506493506495,0.9906580098990405,0.02515243902439024,0.009653619606261543,0.012513559489825354,0.6863993703404104,0.4396502116062274
1.0,1.0,0.0,5.0,47.0,0.5070810788653878,0.0,0.4001873926396335,0.0,0.6493506493506495,0.9906580098990405,0.17606018705342774,0.03220734685643478,0.0419138235498302,0.43592366431015517,0.4396502116062274
0.0,0.0,0.0,5.0,39.0,0.13732784062961143,0.2631578947368421,0.0020300869293633853,0.0,0.625974025974026,1.0,0.0007621951219513035,0.009071982343764162,0.013582752154039923,0.8649309572165331,0.48756405228254596
0.0,1.0,0.0,5.0,39.0,0.22522134776192818,0.2631578947368421,0.0020300869293633853,0.0,0.625974025974026,1.0,0.0007621951219513035,0.009071982343764162,0.013582752154039923,0.49291984190269333,0.48756405228254596
1.0,0.0,0.0,5.0,11.0,0.0,0.2631578947368421,0.05249596585289677,0.0,0.942857142857143,0.717303006352572,0.4245426829268293,0.13327510774394113,0.04872321290209314,0.0,0.5526241368935171
1.0,1.0,0.0,7.0,17.0,0.21237088047220856,0.5789473684210527,0.31491072822861893,0.020700114772913593,0.935064935064935,0.7181153556489577,0.41158536585365857,0.13559349085916494,0.04834594338193554,0.43579316956703845,0.5032248575592324
1.0,1.0,0.0,0.0,34.0,0.18599360550909985,0.2631578947368421,0.2815184009161417,0.0,0.8207792207792207,0.851340397526688,0.2789634146341464,0.1546457301997446,0.060638248378019455,0.3925060239965297,0.46960635409756146
1.0,1.0,0.0,5.0,34.0,0.11571569109690114,0.3157894736842105,0.257625839362865,0.002264715527135596,0.625974025974026,0.9975629686827363,0.0,0.008369340775223222,0.013164904734637162,0.9156125128153383,0.48247401472110574
0.0,1.0,0.0,1.0,27.0,0.2080976389572061,0.5263157894736843,0.3854822757795013,0.0,0.7922077922077922,0.7891957645741579,0.27667682926829285,0.029913674934181955,0.07521463434940401,0.3465189763055533,0.5050245575749773
1.0,1.0,0.0,1.0,39.0,0.4487723397278242,0.0,0.3543152360626724,0.0,0.8207792207792207,0.851340397526688,0.2789634146341464,0.15412496626912287,0.06029840847182655,0.3542829717454713,0.45743202129496596
1.0,0.0,0.0,1.0,47.0,0.06572798819478604,0.0,0.3543152360626724,0.0,0.8207792207792207,0.851340397526688,0.18734687236387937,0.06759272419315998,0.03879782395656406,0.6729635392205234,0.45743202129496596
1.0,1.0,0.0,1.0,47.0,0.1750491883915396,0.0,0.3543152360626724,0.0,0.8207792207792207,0.851340397526688,0.20356631569782846,0.07338663465185036,0.04142625040323722,0.5116126235212654,0.45743202129496596
1.0,1.0,0.0,1.0,47.0,0.1536010001639613,0.0,0.3543152360626724,0.0,0.8207792207792207,0.851340397526688,0.20631692856226835,0.07750456343139156,0.04137749308857863,0.027591435366931195,0.45743202129496596
1.0,0.0,0.0,1.0,47.0,0.2986555172979177,0.0,0.3543152360626724,0.0,0.8207792207792207,0.851340397526688,0.22687240190629998,0.0843478215401543,0.044156967182036766,0.12844991665765873,0.45743202129496596
1.0,1.0,0.0,1.0,47.0,0.16676914248237415,0.0,0.3543152360626724,0.025946876537137235,0.8207792207792207,0.851340397526688,0.24948342258473488,0.09187540545979367,0.04721438868483219,0.27181191458873477,0.45743202129496596
1.0,0.0,0.0,1.0,47.0,0.2666215773077554,0.0,0.3543152360626724,0.0,0.8207792207792207,0.851340397526688,0.23197749655052546,0.08773543523137661,0.04706350626310751,0.4503875674777292,0.45743202129496596
1.0,1.0,0.0,1.0,47.0,0.31257173307099523,0.0,0.3543152360626724,0.0,0.8207792207792207,0.851340397526688,0.21401670962021213,0.08294962966860098,0.046935262551226486,0.4740595586821664,0.45743202129496596
1.0,1.0,0.0,1.0,47.0,0.3504467945564847,0.0,0.3543152360626724,0.0,0.8207792207792207,0.851340397526688,0.20752203911881884,0.07578001961548608,0.0455649639685447,0.37199281694230013,0.45743202129496596
1.0,1.0,0.0,1.0,47.0,0.20337350385309066,0.0,0.3543152360626724,0.004191260862436465,0.8207792207792207,0.851340397526688,0.22827424303070054,0.08252108749951148,0.04880496989193617,0.23495116022021,0.45743202129496596
1.0,1.0,0.0,1.0,47.0,0.5154328578455485,0.0,0.3543152360626724,0.008218560419740941,0.8207792207792207,0.851340397526688,0.2234339844069413,0.08778182875604479,0.046164003446190094,0.591029675746427,0.45743202129496596
1.0,0.0,0.0,1.0,47.0,0.07342392195441876,0.0,0.3543152360626724,0.0,0.8207792207792207,0.851340397526688,0.21788104138422093,0.08114751500473538,0.044750562943622896,0.05815173086053754,0.45743202129496596
1.0,0.0,0.0,8.0,21.0,0.25371987211018204,0.15789473684210525,0.05904169486231846,0.0,0.7844155844155843,0.8168155841118654,0.3475609756097562,0.013054360256544939,0.11295890193406422,0.3004216610534581,0.7348514173825575
1.0,0.0,0.0,8.0,47.0,0.3929537629119528,0.0,0.05904169486231846,0.025936628955566487,0.7844155844155843,0.8168155841118654,0.23533392427744793,0.07646976664636362,0.05249910199541219,0.6714859388996722,0.7348514173825575
1.0,1.0,0.0,8.0,27.0,0.4094421216592884,0.0,0.10277965748789754,0.0,0.7532467532467532,0.8107229872971786,0.30640243902439024,0.05902040704215494,0.08515254666545857,0.4264891952967309,0.7251662887260643
1.0,1.0,1.0,7.0,24.0,0.7671954418757173,0.47368421052631576,0.9225183488626306,0.0,0.2623376623376623,0.7144597833278143,0.3300304878048781,0.4357806763546854,0.6826210104666508,0.0,0.5470627578161669
1.0,1.0,1.0,7.0,24.0,0.6798348089850795,0.47368421052631576,0.9225183488626306,0.0,0.2623376623376623,0.7144597833278143,0.3300304878048781,0.4357806763546854,0.6826210104666508,0.11773408673994673,0.5470627578161669
0.0,1.0,1.0,7.0,20.0,0.26561731431382196,0.3684210526315789,0.991072822861902,0.0,0.2519480519480519,0.6990251827647274,0.27439024390243905,0.464494330057434,0.5503130969717347,0.2196411103099599,0.6017221885901545
0.0,0.0,1.0,1.0,17.0,0.035876783079193314,0.5789473684210527,0.10487481130602257,0.0,0.20779220779220786,0.7217709074989394,0.25685975609756095,0.46289937452651486,0.5512185788010591,0.055002766109026525,0.8935634411224486
1.0,0.0,1.0,9.0,14.0,0.020259468765371373,0.10526315789473684,0.15726667013690074,0.0,0.23116883116883113,0.40170593200169447,0.6227134146341464,0.8704151524116046,0.6543464352140624,0.0,0.9999999999999999
1.0,1.0,1.0,1.0,33.0,0.15266744548286604,0.5789473684210527,0.06427307271875488,0.0,0.1454545454545455,0.4959382593182351,0.46570121951219523,0.8790506284243591,0.6592465663576341,0.3895819449064011,0.32299670507809264
0.0,1.0,1.0,7.0,24.0,0.7507890637809478,0.3684210526315789,0.9850866690958304,0.0,0.2519480519480519,0.6990251827647274,0.26981707317073167,0.46337782406790495,0.5495255009359177,0.0,0.3423641236964021
0.0,1.0,1.0,7.0,24.0,0.5281501065748484,0.3684210526315789,0.9850866690958304,0.0,0.2519480519480519,0.6990251827647274,0.26981707317073167,0.46337782406790495,0.5495255009359177,0.07548331294697577,0.3423641236964021
1.0,0.0,1.0,7.0,24.0,0.6122929988522708,0.3684210526315789,0.9850866690958304,0.0,0.2519480519480519,0.6990251827647274,0.26981707317073167,0.46337782406790495,0.5495255009359177,0.056812342960002954,0.3423641236964021
1.0,1.0,1.0,1.0,33.0,0.31215158222659456,0.5789473684210527,0.06427307271875488,0.0,0.1454545454545455,0.4959382593182351,0.46570121951219523,0.8790506284243591,0.6592465663576341,0.47095540711404293,0.32299670507809264
1.0,1.0,1.0,1.0,33.0,0.21727947204459747,0.5789473684210527,0.06427307271875488,0.0,0.1454545454545455,0.4959382593182351,0.46570121951219523,0.8790506284243591,0.6592465663576341,0.6264777532618825,0.32299670507809264
1.0,0.0,1.0,1.0,17.0,0.26729791769142486,0.5789473684210527,0.10487481130602257,0.0,0.20779220779220786,0.7217709074989394,0.25685975609756095,0.46289937452651486,0.5512185788010591,0.031851738329125426,0.8935634411224486
1.0,0.0,1.0,7.0,30.0,0.08838539104771274,0.47368421052631576,0.024478163552131588,0.0,0.35844155844155845,0.5532087760212914,0.5297256097560976,0.5605546748306232,0.5982299990310302,0.2591496402092438,0.41025714806641855
0.0,1.0,1.0,1.0,24.0,0.34213600590260695,0.3684210526315789,0.11804434959137992,0.0,0.48571428571428565,0.6986190095787603,0.37195121951219523,0.062413724115380376,0.3659666512633919,0.2666384767121601,0.5338917724668995
1.0,1.0,1.0,7.0,30.0,0.18823782587309396,0.47368421052631576,0.024478163552131588,0.0,0.35844155844155845,0.5532087760212914,0.5297256097560976,0.5605546748306232,0.5982299990310302,0.25386874956842864,0.41025714806641855
1.0,1.0,1.0,4.0,24.0,0.13659923757993112,0.47368421052631576,0.12171412211753684,0.0,0.36103896103896105,0.3956133303129221,0.5647865853658538,0.6916064212456856,0.5857241353496825,0.3218126502643197,0.03147197875869909
1.0,0.0,1.0,4.0,24.0,0.11160641088703066,0.47368421052631576,0.12171412211753684,0.0,0.36103896103896105,0.3956133303129221,0.5647865853658538,0.6916064212456856,0.5857241353496825,0.4637497779481314,0.03147197875869909
0.0,1.0,1.0,4.0,24.0,0.10281398589932778,0.47368421052631576,0.12171412211753684,0.0,0.36103896103896105,0.3956133303129221,0.5647865853658538,0.6916064212456856,0.5857241353496825,0.0797135766345756,0.03147197875869909
1.0,1.0,1.0,4.0,22.0,0.2583107886538777,0.7894736842105263,0.058703347040757886,0.0,0.37142857142857144,0.40292446325740183,0.5685975609756098,0.6800438287989525,0.5841396733269235,0.3587851996559828,0.33108131323783385
0.0,1.0,1.0,4.0,22.0,0.4743082882439745,0.7894736842105263,0.058703347040757886,0.0,0.37142857142857144,0.40292446325740183,0.5685975609756098,0.6800438287989525,0.5841396733269235,6.622785020798754e-05,0.33108131323783385
1.0,1.0,1.0,12.0,27.0,0.1900506230529595,0.736842105263158,0.0,0.0,0.5090909090909091,0.3915516023525216,0.6257621951219512,0.5767265662726881,0.5470436027017911,0.040640895553475845,0.3984289472765037
1.0,1.0,1.0,1.0,1.0,0.07228644040006559,0.5789473684210527,0.10764666076726874,0.0,0.4675324675324676,0.7152721355486515,0.3445121951219512,0.06828911417795602,0.3659766208334645,0.004298364821904416,0.5744009705404957
1.0,0.0,1.0,12.0,27.0,0.36241596983111984,0.736842105263158,0.0,0.0,0.5090909090909091,0.3915516023525216,0.6257621951219512,0.5767265662726881,0.5470436027017911,0.09344564722596786,0.3984289472765037
0.0,0.0,1.0,7.0,14.0,0.04893220200032792,0.21052631578947367,0.12274217895997085,0.0,0.38961038961038963,0.4890333161316147,0.5053353658536586,0.5676104136454274,0.5931449935792479,0.0,0.4109339482914054
1.0,0.0,1.0,7.0,22.0,0.07575012297097884,0.21052631578947367,0.15315444276716464,0.0,0.36623376623376624,0.5190901777095756,0.47408536585365857,0.5659389952708125,0.5948859953426364,0.2982593695504164,0.22159998773470377
1.0,0.0,1.0,7.0,26.0,0.25785989506476475,0.0,0.03570870855239186,0.0,0.36623376623376624,0.5190901777095756,0.44435975609756095,0.5665455015164529,0.5951186186443564,0.0,0.18755722429086755
0.0,1.0,1.0,7.0,31.0,0.09655271355959993,0.2631578947368421,0.07676591536099109,0.0,0.36623376623376624,0.5190901777095756,0.44435975609756095,0.5668996061421208,0.5953265803779999,0.29880499544685785,0.16690911843305414
1.0,0.0,1.0,7.0,31.0,0.25517400393507134,0.2631578947368421,0.07676591536099109,0.0,0.36623376623376624,0.5190901777095756,0.44435975609756095,0.5668996061421208,0.5953265803779999,0.3762953097108293,0.16690911843305414
1.0,0.0,1.0,4.0,24.0,0.3224083866207575,0.47368421052631576,0.12171412211753684,0.0,0.36103896103896105,0.3956133303129221,0.5647865853658538,0.6916064212456856,0.5857241353496825,0.29739829108718235,0.03147197875869909
1.0,0.0,1.0,7.0,31.0,0.2509212575832104,0.2631578947368421,0.07676591536099109,0.0,0.36623376623376624,0.5190901777095756,0.44435975609756095,0.5668996061421208,0.5953265803779999,0.4474409670901333,0.16690911843305414
0.0,0.0,1.0,7.0,35.0,0.5056874077717659,0.2631578947368421,0.01763312685440633,0.0,0.36623376623376624,0.5194963567444455,0.4413109756097562,0.5686137100848185,0.595266937862295,0.024924960603267075,0.2891908191710769
0.0,1.0,1.0,7.0,35.0,0.3073249713067716,0.2631578947368421,0.01763312685440633,0.0,0.36623376623376624,0.5194963567444455,0.4413109756097562,0.5686137100848185,0.595266937862295,0.013161407176567545,0.2891908191710769
1.0,0.0,1.0,6.0,26.0,0.35003689129365473,0.2631578947368421,0.48070116079329545,0.0,0.47012987012987006,0.7116165768749492,0.34984756097560976,0.06599634240358476,0.36675809520345126,0.11204359274123396,0.5395124387660766
1.0,1.0,1.0,1.0,36.0,0.4691650270536153,0.5789473684210527,0.3663656238613294,0.0,0.4389610389610389,0.7392363876393018,0.31935975609756095,0.06278898593566318,0.3727858371937742,0.47099482547302746,0.0
0.0,0.0,1.0,1.0,36.0,0.4572778324315462,0.5789473684210527,0.3663656238613294,0.0,0.4389610389610389,0.7392363876393018,0.31935975609756095,0.06278898593566318,0.3727858371937742,0.5518011842849455,0.0
1.0,1.0,1.0,1.0,36.0,0.3526489998360387,0.5789473684210527,0.3663656238613294,0.0,0.4389610389610389,0.7392363876393018,0.31935975609756095,0.06278898593566318,0.3727858371937742,0.344353929915655,0.0
1.0,1.0,1.0,1.0,36.0,0.5096214543367765,0.5789473684210527,0.3663656238613294,0.0,0.4389610389610389,0.7392363876393018,0.31935975609756095,0.06278898593566318,0.3727858371937742,7.846995173792817e-05,0.0
0.0,0.0,1.0,5.0,5.0,0.029994671257583212,0.5789473684210527,0.41537400447660183,0.0,0.47012987012987006,0.7136474242832569,0.36737804878048785,0.06518420307343575,0.3668215856233914,0.27594313824296174,0.5252405641541095
1.0,0.0,1.0,7.0,11.0,0.1548307099524512,0.5789473684210527,0.24448232783301235,0.0,0.36623376623376624,0.5320877333079577,0.5403963414634148,0.567653099213512,0.5968202668416644,0.9483927678351756,0.3729382901178089
0.0,1.0,1.0,7.0,11.0,0.1568177160190195,0.5789473684210527,0.24448232783301235,0.0,0.36623376623376624,0.5320877333079577,0.5403963414634148,0.567653099213512,0.5968202668416644,0.8301883762213301,0.3729382901178089
1.0,1.0,1.0,7.0,7.0,0.08498319396622397,0.47368421052631576,0.16917391078028213,0.0,0.36623376623376624,0.5320877333079577,0.44435975609756095,0.5674211124304467,0.5962051268776456,0.3770027311449533,0.23605687126960276
1.0,1.0,1.0,1.0,27.0,0.3372274143302181,0.47368421052631576,0.7869970329498723,0.0,0.2909090909090909,0.6791226644833805,0.3330792682926831,0.38513183716086985,0.47477156566676015,0.37405174125234486,0.29617375960360526
1.0,0.0,1.0,1.0,27.0,0.26280947696343665,0.47368421052631576,0.7869970329498723,0.0,0.2909090909090909,0.6791226644833805,0.3330792682926831,0.38513183716086985,0.47477156566676015,0.4107688425912553,0.29617375960360526
1.0,0.0,1.0,7.0,33.0,0.009559968847352026,0.3684210526315789,0.41663630211857783,0.0,0.36623376623376624,0.5320877333079577,0.5403963414634148,0.5671018986169525,0.5967683201344407,0.5069994354313341,0.37045175181548784
1.0,1.0,1.0,6.0,26.0,0.23227168388260372,0.2631578947368421,0.48070116079329545,0.0,0.47012987012987006,0.7116165768749492,0.34984756097560976,0.06599634240358476,0.36675809520345126,0.06896647027596513,0.5395124387660766
0.0,1.0,1.0,4.0,9.0,0.0,0.47368421052631576,0.27730206652438705,0.0,0.34025974025974026,0.40739237610157564,0.5457317073170733,0.6965687113301247,0.5884509002172003,0.0,0.1548783109738456
1.0,0.0,1.0,12.0,29.0,0.5303430890309887,0.3684210526315789,0.10467961063973764,0.0,0.3974025974025973,0.34402925576011234,0.6227134146341464,0.6903989764371978,0.581223136818533,0.4030133641159014,0.31844024933568893
1.0,0.0,1.0,4.0,24.0,0.18199704869650762,0.47368421052631576,0.02255218364478684,0.0,0.34025974025974026,0.40739237610157564,0.5457317073170733,0.6978889945098956,0.5883454326601054,0.18844960915851264,0.10430188208672625
1.0,1.0,1.0,1.0,44.0,0.18316527299557306,0.5789473684210527,0.5140934881057727,0.0,0.23116883116883113,0.7213647304137036,0.2347560975609757,0.3658773053454585,0.4904451290604577,0.2405233699175684,0.40401538592087816
1.0,0.0,1.0,1.0,0.0,0.0697962780783735,0.3684210526315789,0.6902035292280464,0.0,0.23116883116883113,0.7213647304137036,0.2934451219512195,0.3662358641173622,0.49021617875823864,0.03878004205578323,0.4328606531973843
1.0,1.0,1.0,1.0,0.0,0.1704469995081161,0.3684210526315789,0.6902035292280464,0.0,0.23116883116883113,0.7213647304137036,0.2934451219512195,0.3662358641173622,0.49021617875823864,0.019472270425273754,0.4328606531973843
0.0,0.0,1.0,1.0,0.0,0.20975774717166748,0.3684210526315789,0.6902035292280464,0.0,0.23116883116883113,0.7213647304137036,0.2934451219512195,0.3662358641173622,0.49021617875823864,0.4377066226026605,0.4328606531973843
1.0,0.0,1.0,12.0,23.0,1.0,0.2631578947368421,0.31942637030867727,1.0,0.5896103896103896,0.0,1.0,1.0,0.3687555073129438,0.0,0.3659792100992142
1.0,1.0,1.0,12.0,23.0,0.4061321528119364,0.2631578947368421,0.31942637030867727,0.4061321528119364,0.5896103896103896,0.0,1.0,1.0,0.3687555073129438,0.0,0.3659792100992142
1.0,1.0,1.0,4.0,17.0,0.268722331529759,1.0,0.24104679610639737,0.0,0.3974025974025973,0.34402925576011234,0.6227134146341464,0.6905979283023509,0.5813964674140237,0.2402639419884888,0.3054618630972251
1.0,0.0,1.0,4.0,21.0,0.13786071487129037,0.5789473684210527,0.07106605590547081,0.0,0.38961038961038963,0.38261575814264726,0.59375,0.6806789158162676,0.5833314385320065,0.356762727428233,0.32345452101139516
1.0,0.0,1.0,7.0,27.0,0.02467617642236432,0.5789473684210527,0.11766696163656236,0.0,0.38961038961038963,0.38261575814264726,0.5685975609756098,0.6804305971636762,0.5838169740850674,0.19849885825526142,0.35250056540671926
1.0,0.0,1.0,4.0,46.0,0.014766765043449747,0.47368421052631576,0.281687574826922,0.0,0.37402597402597404,0.3822095966544867,0.5678353658536586,0.6900534089251451,0.5843493841079486,0.055667826286997124,0.16152742358136699
1.0,1.0,1.0,4.0,40.0,0.0,0.3684210526315789,0.7106085055436989,0.0,0.37402597402597404,0.3822095966544867,0.5678353658536586,0.6913105916999225,0.5845430036530601,0.0,0.18686555825334847
1.0,1.0,1.0,4.0,0.0,0.009540498442367602,0.05263157894736842,0.24033106033001927,0.0,0.34285714285714286,0.4073923624541347,0.5449695121951219,0.691511399459344,0.5869224077106416,0.15139064759709825,0.059821806435379654
1.0,0.0,1.0,4.0,15.0,0.0,0.3157894736842105,0.25389099994794645,0.0,0.0,0.9358245303621513,0.5647865853658538,0.3281644203541134,0.5873054490871574,0.0,0.6412513100096147
1.0,1.0,1.0,4.0,17.0,0.04742580750942778,1.0,0.24104679610639737,0.0,0.3974025974025973,0.34402925576011234,0.6227134146341464,0.6905979283023509,0.5813964674140237,0.17394353956412445,0.3054618630972251
1.0,0.0,1.0,7.0,9.0,0.14130390227906214,0.5789473684210527,0.5108271302899381,0.0,0.35584415584415585,0.4179528964834254,0.5175304878048781,0.6762110359638935,0.5831100091335273,0.14397998831483763,0.568628916724091
1.0,0.0,1.0,1.0,10.0,0.031931464174454825,0.47368421052631576,0.2980584040393524,0.0,0.47012987012987006,0.7136474242832569,0.34984756097560976,0.06695472620177512,0.3669317756084176,0.2774461053437795,0.5169283990608228
0.0,0.0,1.0,7.0,9.0,0.04702615182816855,0.5789473684210527,0.5108271302899381,0.0,0.35584415584415585,0.4179528964834254,0.5175304878048781,0.6762110359638935,0.5831100091335273,0.32422539683122314,0.568628916724091
1.0,1.0,1.0,7.0,31.0,0.07161010001639613,0.3684210526315789,0.3214564572380406,0.0,0.3116883116883117,0.6563769348750825,0.3315548780487805,0.5402330038131211,0.60846175130715,0.07128872884334081,0.40004339815740997
1.0,0.0,1.0,7.0,31.0,0.08590547630759142,0.3684210526315789,0.3214564572380406,0.0,0.3116883116883117,0.6563769348750825,0.3315548780487805,0.5402330038131211,0.60846175130715,0.48831758471283904,0.40004339815740997
1.0,1.0,1.0,1.0,11.0,0.020638629283489095,0.05263157894736842,0.14948467024100776,0.0,0.2805194805194805,0.6827782260815345,0.3132621951219512,0.5327251691554835,0.6115049188459523,0.1223384588022783,0.33954257176108926
1.0,0.0,1.0,7.0,19.0,0.1147114281029677,0.2631578947368421,0.04857893914944562,0.0,0.35844155844155845,0.5532087760212914,0.5297256097560976,0.5606144346259399,0.5982217785083392,0.15128849272966463,0.4200171478510666
1.0,1.0,1.0,4.0,15.0,0.0,0.3157894736842105,0.25389099994794645,0.0,0.35324675324675325,0.3903330681723629,0.5647865853658538,0.6993432732555629,0.5873054490871574,0.0,0.0816963529480268
1.0,1.0,1.0,7.0,19.0,0.1266191178881784,0.2631578947368421,0.04857893914944562,0.0,0.35844155844155845,0.5532087760212914,0.5205792682926831,0.5606144346259399,0.5982217785083392,0.23730337574678428,0.4200171478510666
1.0,1.0,1.0,12.0,29.0,0.581632234792589,0.3684210526315789,0.10467961063973764,0.0,0.3974025974025973,0.34402925576011234,0.6227134146341464,0.6903989764371978,0.581223136818533,0.3625040173322674,0.31844024933568893
1.0,0.0,1.0,4.0,35.0,0.4608952287260207,0.3684210526315789,0.0216933007131331,0.37993933431710114,0.38961038961038963,0.38261575814264726,0.5685975609756098,0.6803489378160386,0.5835707082137738,0.22635841727175496,0.34428770188218893
0.0,1.0,1.0,7.0,20.0,0.2249754058042302,0.2631578947368421,0.04857893914944562,0.0,0.35844155844155845,0.5532087760212914,0.5205792682926831,0.5606144346259399,0.5982217785083392,0.05681078237699579,0.4200171478510666
1.0,0.0,1.0,1.0,7.0,0.23202574192490574,0.5789473684210527,0.07858778824631721,0.0,0.48571428571428565,0.6986190095787603,0.37195121951219523,0.06291407320909137,0.3659220505551666,0.08713627929244015,0.5526319043806535
1.0,1.0,1.0,7.0,9.0,0.048173880964092475,0.5789473684210527,0.5108271302899381,0.0,0.35584415584415585,0.4179528964834254,0.5175304878048781,0.6762110359638935,0.5831100091335273,0.29326512790688347,0.568628916724091
0.0,0.0,1.0,1.0,27.0,0.21421544515494342,0.47368421052631576,0.7869970329498723,0.0,0.2909090909090909,0.6791226644833805,0.3330792682926831,0.38513183716086985,0.47477156566676015,0.41418497486734646,0.29617375960360526
0.0,0.0,1.0,7.0,44.0,0.044187571733071,0.2631578947368421,1.0,0.0,0.21298701298701306,0.7359870157990074,0.3163109756097562,0.359958858535947,0.5100208171619336,0.07990406615026528,0.9439821848733009
1.0,1.0,1.0,4.0,31.0,0.2665590670601738,0.47368421052631576,0.4037400447660194,0.0,0.4545454545454545,0.21527214203118594,0.6554878048780488,0.7617833510694982,0.5187693772586783,0.54398311006534,0.35637920733156636
1.0,1.0,1.0,7.0,16.0,0.7071138711264141,0.736842105263158,0.8162380927593565,0.0,0.3090909090909091,0.6892769970570052,0.3734756097560976,0.4345791704078401,0.682716508453673,0.020837868229740375,0.4334369666811113
1.0,1.0,1.0,7.0,16.0,0.6236575668142318,0.736842105263158,0.8162380927593565,0.0,0.3090909090909091,0.6892769970570052,0.3734756097560976,0.4345791704078401,0.682716508453673,0.14423259283338435,0.4334369666811113
0.0,1.0,1.0,4.0,17.0,0.2930910805050008,0.21052631578947367,0.034173129977616984,0.0,0.23116883116883113,0.40170593200169447,0.6227134146341464,0.8695900218216082,0.6541381236709434,0.27930253426717844,0.9663544364763769
1.0,1.0,1.0,13.0,24.0,0.4582616002623381,0.736842105263158,0.414866482744261,0.0,0.5766233766233767,0.5649878032884179,0.6135670731707317,0.5161208543497917,0.9995795290095266,0.47306208165976393,0.6320127181299824
0.0,1.0,1.0,13.0,24.0,0.09387809476963437,0.736842105263158,0.414866482744261,0.0,0.5766233766233767,0.5649878032884179,0.6135670731707317,0.5161208543497917,0.9995795290095266,0.0,0.6320127181299824
1.0,1.0,1.0,7.0,19.0,0.27565994425315626,0.2631578947368421,0.17712508458695536,0.0,0.5714285714285715,0.5694557210066777,0.541158536585366,0.5188523595282923,1.0,0.3366996652820262,0.6571195566968313
1.0,1.0,1.0,4.0,17.0,0.3632255287752091,0.21052631578947367,0.034173129977616984,0.0,0.23116883116883113,0.40170593200169447,0.6227134146341464,0.8695900218216082,0.6541381236709434,0.1253344513498067,0.9663544364763769
1.0,0.0,1.0,1.0,28.0,0.5873093949827841,0.2631578947368421,0.107893914944563,0.0,0.47012987012987006,0.7116165768749492,0.37195121951219523,0.06519236900819969,0.3663741793032429,0.2889282526307153,0.549864931386697
1.0,1.0,1.0,5.0,25.0,0.13820913264469586,0.736842105263158,0.10097079798032375,0.0,0.47012987012987006,0.7116165768749492,0.37195121951219523,0.06458326451058838,0.36646565448128854,0.6080447366271471,0.5430512736229759
1.0,1.0,1.0,5.0,25.0,0.1570031972454501,0.736842105263158,0.10097079798032375,0.0,0.47012987012987006,0.7116165768749492,0.37195121951219523,0.06458326451058838,0.36646565448128854,0.4637535737107327,0.5430512736229759
1.0,1.0,1.0,1.0,2.0,0.0009427775045089359,0.3684210526315789,0.17795794076310448,0.0,0.5012987012987012,0.6945572806435427,0.3742378048780488,0.06000365982349187,0.366557304564072,0.3757698920005252,0.44615272377666537
1.0,1.0,1.0,13.0,32.0,0.32709255615674704,0.47368421052631576,0.17259642912914475,0.0,0.49870129870129876,0.5434606020113755,0.5769817073170733,0.8078670615514767,0.9678929121254143,0.0,0.7858715405389735
1.0,1.0,1.0,13.0,32.0,0.3519531890473848,0.47368421052631576,0.17259642912914475,0.0,0.49870129870129876,0.5434606020113755,0.5769817073170733,0.8078670615514767,0.9678929121254143,0.36194581422783256,0.7858715405389735
1.0,1.0,1.0,7.0,16.0,0.24279595015576325,0.736842105263158,0.8162380927593565,0.0,0.3090909090909091,0.6892769970570052,0.3734756097560976,0.4345791704078401,0.682716508453673,0.06632878641790436,0.4334369666811113
0.0,1.0,1.0,13.0,32.0,0.2471911378914576,0.47368421052631576,0.17259642912914475,0.0,0.49870129870129876,0.5434606020113755,0.5769817073170733,0.8078670615514767,0.9678929121254143,0.34401375447986204,0.7858715405389735
1.0,0.0,1.0,7.0,34.0,0.1575053287424168,0.3157894736842105,0.047329654885222006,0.0,0.49870129870129876,0.5434606020113755,0.5769817073170733,0.8070731099851205,0.9681965467508142,0.21774157101159822,0.7199509762068276
0.0,1.0,1.0,7.0,0.0,0.02085382849647483,0.3684210526315789,0.5230987455103847,0.0,0.1298701298701299,0.5231519183425994,0.44817073170731714,0.8731028584854652,0.6634759378304622,0.3274759041989693,0.674302027510252
1.0,1.0,1.0,1.0,38.0,0.28557960321364156,0.736842105263158,0.10188173442298681,0.0,0.48571428571428565,0.6986190095787603,0.37195121951219523,0.06304212991334168,0.366298970265845,0.09259751030159158,0.5335695771259006
1.0,1.0,1.0,1.0,38.0,0.19611821610100016,0.736842105263158,0.10188173442298681,0.0,0.48571428571428565,0.6986190095787603,0.37195121951219523,0.06304212991334168,0.366298970265845,0.1829834100012111,0.5335695771259006
1.0,1.0,1.0,6.0,8.0,0.07269634366289557,0.5789473684210527,0.3031075946072562,0.0,0.48831168831168836,0.6990251866639963,0.3445121951219512,0.06570904997143856,0.36524132131434683,0.19704723258191517,0.5810872035134018
1.0,0.0,1.0,6.0,8.0,0.051535087719298246,0.5789473684210527,0.3031075946072562,0.0,0.48831168831168836,0.6990251866639963,0.3445121951219512,0.06570904997143856,0.36524132131434683,0.042892084761563906,0.5810872035134018
1.0,1.0,1.0,1.0,12.0,0.05150332021642892,0.10526315789473684,0.13951642288272342,0.0,0.47012987012987006,0.7116165768749492,0.36737804878048785,0.06453426890200653,0.36653141866282724,0.29981996181196885,0.5336853452844205
1.0,1.0,1.0,6.0,7.0,0.09394982784062961,0.15789473684210525,0.48154703034719687,0.0,0.48831168831168836,0.6990251866639963,0.3643292682926831,0.065964049843382,0.36502846224803775,0.6467491386273445,0.5870697509567088
1.0,0.0,1.0,6.0,7.0,0.17536686342023283,0.15789473684210525,0.48154703034719687,0.0,0.48831168831168836,0.6990251866639963,0.3643292682926831,0.065964049843382,0.36502846224803775,0.24512013681664344,0.5870697509567088
1.0,1.0,1.0,6.0,7.0,0.21784308903098867,0.15789473684210525,0.48154703034719687,0.0,0.48831168831168836,0.6990251866639963,0.3643292682926831,0.065964049843382,0.36502846224803775,0.33967718605990316,0.5870697509567088
0.0,1.0,1.0,11.0,19.0,0.16203475979668797,0.0,0.23830097340065587,0.0,0.7090909090909091,0.45125914549875557,0.6760670731707317,0.5784187706630632,0.973944266255387,0.5781862256678076,0.7156295176122696
1.0,0.0,1.0,7.0,0.0,0.0648466961797016,0.3684210526315789,0.5230987455103847,0.0,0.1298701298701299,0.5231519183425994,0.44817073170731714,0.8731028584854652,0.6634759378304622,0.24532975224149112,0.674302027510252
1.0,1.0,1.0,11.0,33.0,0.4611616658468602,0.0,0.25782104002914996,0.0,0.7090909090909091,0.45125914549875557,0.7073170731707317,0.5788671547173703,0.9735484568329902,0.2915321214215876,0.7149573297100871
1.0,1.0,1.0,7.0,34.0,0.3360181997048696,0.3157894736842105,0.047329654885222006,0.0,0.49870129870129876,0.5434606020113755,0.5769817073170733,0.8070731099851205,0.9681965467508142,0.37781413738107966,0.7199509762068276
1.0,1.0,1.0,7.0,11.0,0.03638916215773078,0.736842105263158,0.5300739159856332,0.0,0.2597402597402597,0.7238017841517632,0.3734756097560976,0.43453277305122917,0.6830930783548759,0.746677721887345,0.45142635822173294
0.0,0.0,1.0,7.0,11.0,0.08511641252664372,0.0,0.5300739159856332,0.0,0.2597402597402597,0.7238017841517632,0.45868902439024395,0.36001301353058146,0.6089116412745845,0.0,0.45142635822173294
0.0,1.0,1.0,1.0,27.0,0.10247581570749303,0.3684210526315789,0.6022721357555567,0.0,0.21298701298701306,0.7339561440202698,0.2934451219512195,0.3672450994184011,0.48886329060877287,0.0,0.3179359562112961
1.0,0.0,1.0,12.0,27.0,0.22221880636169863,0.736842105263158,0.0,0.0,0.5090909090909091,0.3915516023525216,0.6257621951219512,0.5767265662726881,0.5470436027017911,0.3002027965928043,0.3984289472765037
0.0,1.0,1.0,7.0,45.0,0.0,0.15789473684210525,0.01672219041174327,0.0,0.3922077922077921,0.47319253653365734,0.5053353658536586,0.5673424225136312,0.5926255265069891,0.0,0.5303897497669862
0.0,1.0,1.0,7.0,45.0,0.0,0.15789473684210525,0.01672219041174327,0.0,0.3922077922077921,0.47319253653365734,0.5053353658536586,0.5673424225136312,0.5926255265069891,0.0,0.5303897497669862
0.0,1.0,1.0,7.0,7.0,0.031706017379898345,0.3684210526315789,0.08957107906928322,0.0,0.4051948051948052,0.46669374898629434,0.5076219512195124,0.5685465267124457,0.5925373745189688,0.011494079609816374,0.5562620451814092
1.0,0.0,1.0,7.0,9.0,0.0038428430890309886,0.2631578947368421,0.2700536151163395,0.0,0.36623376623376624,0.5190901777095756,0.47408536585365857,0.5656472486924304,0.5948004669256903,0.135781131354412,0.22598583455896268
1.0,0.0,1.0,4.0,17.0,0.13795294310542713,1.0,0.24104679610639737,0.0,0.3974025974025973,0.34402925576011234,0.6227134146341464,0.6905979283023509,0.5813964674140237,0.34055448260440724,0.3054618630972251
1.0,0.0,1.0,7.0,9.0,0.007337268404656501,0.2631578947368421,0.2700536151163395,0.0,0.36623376623376624,0.5190901777095756,0.47408536585365857,0.5656472486924304,0.5948004669256903,0.0,0.22598583455896268
0.0,0.0,1.0,4.0,9.0,0.11097106082964421,0.05263157894736842,0.22153974285565559,0.0,0.5090909090909091,0.3915516023525216,0.6623475609756098,0.5756479205261549,0.5468267208265019,0.2704231155324071,0.45741869525346623
0.0,1.0,1.0,12.0,14.0,0.3077656173143138,0.5789473684210527,0.03749154130446098,0.0,0.5090909090909091,0.3915516023525216,0.6257621951219512,0.5766411951365189,0.547080332696801,0.6427073820669078,0.40961825239066063
0.0,1.0,1.0,12.0,14.0,0.2636497786522381,0.5789473684210527,0.03749154130446098,0.0,0.5090909090909091,0.3915516023525216,0.6257621951219512,0.5766411951365189,0.547080332696801,0.02216184123295581,0.40961825239066063
1.0,0.0,1.0,12.0,16.0,0.14827225774717168,0.736842105263158,0.24016188641923894,0.04302959501557632,0.4441558441558441,0.285946385861402,0.5998475609756098,0.7221685456358866,0.5265893681006659,0.5614542873733299,0.26340344756246636
1.0,1.0,1.0,4.0,41.0,0.03948393179209706,1.0,0.4730102545416688,0.0,0.37402597402597404,0.3822095966544867,0.5678353658536586,0.6906703081786674,0.5847343494365838,0.03710438066404689,0.26340344756246636
1.0,1.0,1.0,12.0,16.0,0.05988584194130185,0.736842105263158,0.24016188641923894,0.0,0.4441558441558441,0.285946385861402,0.5998475609756098,0.7221685456358866,0.5265893681006659,0.20005369477105991,0.26340344756246636
1.0,1.0,1.0,12.0,16.0,0.2539545417281522,0.736842105263158,0.24016188641923894,0.11255943597311036,0.4441558441558441,0.285946385861402,0.5998475609756098,0.7221685456358866,0.5265893681006659,0.3571627208289736,0.26340344756246636
0.0,1.0,1.0,4.0,27.0,0.6905742744712248,0.0,0.09814689500806828,0.0,0.4493506493506493,0.2770105716758975,0.6402439024390245,0.716517718779313,0.5270369493255522,0.007968539944139078,0.28858893964178123
0.0,0.0,1.0,4.0,31.0,0.20684743400557468,0.47368421052631576,0.4037400447660194,0.0,0.4545454545454545,0.21527214203118594,0.6554878048780488,0.7617833510694982,0.5187693772586783,0.6280895690791561,0.35637920733156636
1.0,1.0,1.0,4.0,31.0,0.4083958435809149,0.47368421052631576,0.4037400447660194,0.0,0.4545454545454545,0.21527214203118594,0.6554878048780488,0.7617833510694982,0.5187693772586783,0.3691903152564321,0.35637920733156636
0.0,0.0,1.0,5.0,3.0,0.0,0.15789473684210525,0.19211649575763884,0.0,0.47012987012987006,0.7116165768749492,0.3445121951219512,0.06683706250540666,0.36595265888433914,0.0,0.585925478025571
1.0,0.0,1.0,1.0,4.0,0.0007378258730939498,0.3684210526315789,0.24938837124564048,0.0,0.45974025974025967,0.7233956148650653,0.34984756097560976,0.06757236781300513,0.3670853419684974,0.0,0.49145240626710873
0.0,0.0,1.0,1.0,4.0,0.0013424331857681587,0.3684210526315789,0.24938837124564048,0.0,0.45974025974025967,0.7233956148650653,0.34984756097560976,0.06757236781300513,0.3670853419684974,0.0,0.49145240626710873
1.0,1.0,1.0,7.0,27.0,0.23291625676340383,0.5789473684210527,0.11766696163656236,0.0,0.38961038961038963,0.38261575814264726,0.5685975609756098,0.6804305971636762,0.5838169740850674,0.029700853109748432,0.35250056540671926
0.0,1.0,1.0,7.0,28.0,0.3909349893425152,0.47368421052631576,0.7668002706782572,0.0,0.4545454545454545,0.6259138825644452,0.2644817073170733,0.6836902898498547,0.3901787141633335,0.3111643477085083,0.20169768074793862
1.0,1.0,1.0,7.0,11.0,0.14257460239383507,0.0,0.7668002706782572,0.0,0.4545454545454545,0.6259138825644452,0.5028201219512196,0.5250524197335036,0.46918734711139365,0.11860173777093938,0.20169768074793862
1.0,0.0,1.0,7.0,11.0,0.20964502377438923,0.0,0.7668002706782572,0.0,0.4545454545454545,0.6259138825644452,0.49311737804878053,0.5053408071432646,0.4634471450124735,0.1745855075946639,0.20169768074793862
0.0,0.0,1.0,1.0,27.0,0.1619322839809805,0.3684210526315789,0.6022721357555567,0.0,0.21298701298701306,0.7339561440202698,0.2934451219512195,0.3672450994184011,0.48886329060877287,0.02322584273323524,0.3179359562112961
0.0,1.0,1.0,1.0,27.0,0.2811526479750779,0.3684210526315789,0.6022721357555567,0.0,0.21298701298701306,0.7339561440202698,0.2934451219512195,0.3672450994184011,0.48886329060877287,0.11221797522837691,0.3179359562112961
1.0,1.0,1.0,1.0,11.0,0.16300828004590917,0.0,0.6022721357555567,0.0,0.21298701298701306,0.7339561440202698,0.4115602134146341,0.4092769461928025,0.4503249481669833,0.08293819556679945,0.3179359562112961
1.0,1.0,1.0,1.0,11.0,0.23800008198065256,0.0,0.6022721357555567,0.0,0.21298701298701306,0.7339561440202698,0.3871674542682926,0.37402630570513473,0.44348050525781346,0.2899530544679435,0.3179359562112961
0.0,0.0,1.0,1.0,11.0,0.13486842105263158,0.0,0.6022721357555567,0.0,0.21298701298701306,0.7339561440202698,0.3914329801829268,0.4047452300251084,0.4512332898951641,0.1341930486730955,0.3179359562112961
1.0,1.0,1.0,7.0,30.0,0.25285907525823903,0.47368421052631576,0.024478163552131588,0.0,0.35844155844155845,0.5532087760212914,0.5297256097560976,0.5605546748306232,0.5982299990310302,0.3809565076465314,0.41025714806641855
1.0,1.0,1.0,6.0,8.0,0.004191260862436465,0.5789473684210527,0.3031075946072562,0.0,0.48831168831168836,0.6990251866639963,0.3445121951219512,0.06570904997143856,0.36524132131434683,0.3370815380929993,0.5810872035134018
